id,eventBlockId,locationId,name,description,stage,status,scheduledStartTime,scheduledEndTime,note,participants
94,11,7,①,,ROUND_1,Waiting,2026-05-21T00:15:00.000Z,2026-05-21T00:50:00.000Z,,"[{""id"":188,""teamId"":2,""prereqMatchId"":null,""prereqBlockId"":null,""prereqRank"":null,""score"":null,""rank"":null,""isDisqualified"":false},{""id"":189,""teamId"":18,""prereqMatchId"":null,""prereqBlockId"":null,""prereqRank"":null,""score"":null,""rank"":null,""isDisqualified"":false}]"
95,11,8,②,,ROUND_1,Waiting,2026-05-21T00:15:00.000Z,2026-05-21T00:50:00.000Z,,"[{""id"":190,""teamId"":19,""prereqMatchId"":null,""prereqBlockId"":null,""prereqRank"":null,""score"":null,""rank"":null,""isDisqualified"":false},{""id"":191,""teamId"":22,""prereqMatchId"":null,""prereqBlockId"":null,""prereqRank"":null,""score"":null,""rank"":null,""isDisqualified"":false}]"
114,3,9,A-1,,QUALIFIER,Waiting,2026-05-21T00:15:00.000Z,2026-05-21T00:55:00.000Z,,"[{""id"":342,""teamId"":19,""prereqMatchId"":null,""prereqBlockId"":null,""prereqRank"":null,""score"":null,""rank"":null,""isDisqualified"":false},{""id"":343,""teamId"":11,""prereqMatchId"":null,""prereqBlockId"":null,""prereqRank"":null,""score"":null,""rank"":null,""isDisqualified"":false}]"
115,4,10,B-1,,QUALIFIER,Waiting,2026-05-21T00:15:00.000Z,2026-05-21T00:55:00.000Z,,"[{""id"":344,""teamId"":3,""prereqMatchId"":null,""prereqBlockId"":null,""prereqRank"":null,""score"":null,""rank"":null,""isDisqualified"":false},{""id"":345,""teamId"":4,""prereqMatchId"":null,""prereqBlockId"":null,""prereqRank"":null,""score"":null,""rank"":null,""isDisqualified"":false}]"
117,5,11,C-1,,QUALIFIER,Waiting,2026-05-21T00:15:00.000Z,2026-05-21T00:55:00.000Z,,"[{""id"":346,""teamId"":17,""prereqMatchId"":null,""prereqBlockId"":null,""prereqRank"":null,""score"":null,""rank"":null,""isDisqualified"":false},{""id"":347,""teamId"":1,""prereqMatchId"":null,""prereqBlockId"":null,""prereqRank"":null,""score"":null,""rank"":null,""isDisqualified"":false}]"
127,6,12,D-1,,QUALIFIER,Waiting,2026-05-21T00:15:00.000Z,2026-05-21T00:55:00.000Z,,"[{""id"":348,""teamId"":14,""prereqMatchId"":null,""prereqBlockId"":null,""prereqRank"":null,""score"":null,""rank"":null,""isDisqualified"":false},{""id"":349,""teamId"":2,""prereqMatchId"":null,""prereqBlockId"":null,""prereqRank"":null,""score"":null,""rank"":null,""isDisqualified"":false}]"
84,12,3,A-1,,QUALIFIER,Waiting,2026-05-21T00:20:00.000Z,2026-05-21T00:40:00.000Z,,"[{""id"":167,""teamId"":12,""prereqMatchId"":null,""prereqBlockId"":null,""prereqRank"":null,""score"":null,""rank"":null,""isDisqualified"":false},{""id"":168,""teamId"":16,""prereqMatchId"":null,""prereqBlockId"":null,""prereqRank"":null,""score"":null,""rank"":null,""isDisqualified"":false}]"
90,13,4,B-1,,QUALIFIER,Waiting,2026-05-21T00:20:00.000Z,2026-05-21T00:40:00.000Z,,"[{""id"":179,""teamId"":7,""prereqMatchId"":null,""prereqBlockId"":null,""prereqRank"":null,""score"":null,""rank"":null,""isDisqualified"":false},{""id"":180,""teamId"":15,""prereqMatchId"":null,""prereqBlockId"":null,""prereqRank"":null,""score"":null,""rank"":null,""isDisqualified"":false}]"
213,14,5,C-1,,QUALIFIER,Waiting,2026-05-21T00:20:00.000Z,2026-05-21T00:40:00.000Z,,"[{""id"":518,""teamId"":20,""prereqMatchId"":null,""prereqBlockId"":null,""prereqRank"":null,""score"":null,""rank"":null,""isDisqualified"":false},{""id"":519,""teamId"":17,""prereqMatchId"":null,""prereqBlockId"":null,""prereqRank"":null,""score"":null,""rank"":null,""isDisqualified"":false}]"
214,15,6,D-1,,QUALIFIER,Waiting,2026-05-21T00:20:00.000Z,2026-05-21T00:40:00.000Z,,"[{""id"":520,""teamId"":4,""prereqMatchId"":null,""prereqBlockId"":null,""prereqRank"":null,""score"":null,""rank"":null,""isDisqualified"":false},{""id"":521,""teamId"":13,""prereqMatchId"":null,""prereqBlockId"":null,""prereqRank"":null,""score"":null,""rank"":null,""isDisqualified"":false}]"
87,16,3,E-1,,QUALIFIER,Waiting,2026-05-21T00:45:00.000Z,2026-05-21T01:05:00.000Z,,"[{""id"":173,""teamId"":3,""prereqMatchId"":null,""prereqBlockId"":null,""prereqRank"":null,""score"":null,""rank"":null,""isDisqualified"":false},{""id"":174,""teamId"":6,""prereqMatchId"":null,""prereqBlockId"":null,""prereqRank"":null,""score"":null,""rank"":null,""isDisqualified"":false}]"
208,17,4,F-1,,QUALIFIER,Waiting,2026-05-21T00:45:00.000Z,2026-05-21T01:05:00.000Z,,"[{""id"":508,""teamId"":22,""prereqMatchId"":null,""prereqBlockId"":null,""prereqRank"":null,""score"":null,""rank"":null,""isDisqualified"":false},{""id"":509,""teamId"":14,""prereqMatchId"":null,""prereqBlockId"":null,""prereqRank"":null,""score"":null,""rank"":null,""isDisqualified"":false}]"
215,18,5,G-1,,QUALIFIER,Waiting,2026-05-21T00:45:00.000Z,2026-05-21T01:05:00.000Z,,"[{""id"":522,""teamId"":8,""prereqMatchId"":null,""prereqBlockId"":null,""prereqRank"":null,""score"":null,""rank"":null,""isDisqualified"":false},{""id"":523,""teamId"":10,""prereqMatchId"":null,""prereqBlockId"":null,""prereqRank"":null,""score"":null,""rank"":null,""isDisqualified"":false}]"
98,11,7,③,,ROUND_1,Waiting,2026-05-21T00:55:00.000Z,2026-05-21T01:30:00.000Z,,"[{""id"":196,""teamId"":8,""prereqMatchId"":null,""prereqBlockId"":null,""prereqRank"":null,""score"":null,""rank"":null,""isDisqualified"":false},{""id"":197,""teamId"":20,""prereqMatchId"":null,""prereqBlockId"":null,""prereqRank"":null,""score"":null,""rank"":null,""isDisqualified"":false}]"
101,11,8,④,,ROUND_1,Waiting,2026-05-21T00:55:00.000Z,2026-05-21T01:30:00.000Z,,"[{""id"":226,""teamId"":13,""prereqMatchId"":null,""prereqBlockId"":null,""prereqRank"":null,""score"":null,""rank"":null,""isDisqualified"":false},{""id"":227,""teamId"":10,""prereqMatchId"":null,""prereqBlockId"":null,""prereqRank"":null,""score"":null,""rank"":null,""isDisqualified"":false}]"
130,7,9,E-1,,QUALIFIER,Waiting,2026-05-21T01:00:00.000Z,2026-05-21T01:40:00.000Z,,"[{""id"":350,""teamId"":9,""prereqMatchId"":null,""prereqBlockId"":null,""prereqRank"":null,""score"":null,""rank"":null,""isDisqualified"":false},{""id"":351,""teamId"":20,""prereqMatchId"":null,""prereqBlockId"":null,""prereqRank"":null,""score"":null,""rank"":null,""isDisqualified"":false}]"
131,8,10,F-1,,QUALIFIER,Waiting,2026-05-21T01:00:00.000Z,2026-05-21T01:40:00.000Z,,"[{""id"":352,""teamId"":22,""prereqMatchId"":null,""prereqBlockId"":null,""prereqRank"":null,""score"":null,""rank"":null,""isDisqualified"":false},{""id"":353,""teamId"":15,""prereqMatchId"":null,""prereqBlockId"":null,""prereqRank"":null,""score"":null,""rank"":null,""isDisqualified"":false}]"
132,9,11,G-1,,QUALIFIER,Waiting,2026-05-21T01:00:00.000Z,2026-05-21T01:40:00.000Z,,"[{""id"":354,""teamId"":13,""prereqMatchId"":null,""prereqBlockId"":null,""prereqRank"":null,""score"":null,""rank"":null,""isDisqualified"":false},{""id"":355,""teamId"":7,""prereqMatchId"":null,""prereqBlockId"":null,""prereqRank"":null,""score"":null,""rank"":null,""isDisqualified"":false}]"
85,12,3,A-2,,QUALIFIER,Waiting,2026-05-21T01:10:00.000Z,2026-05-21T01:30:00.000Z,,"[{""id"":169,""teamId"":16,""prereqMatchId"":null,""prereqBlockId"":null,""prereqRank"":null,""score"":null,""rank"":null,""isDisqualified"":false},{""id"":170,""teamId"":1,""prereqMatchId"":null,""prereqBlockId"":null,""prereqRank"":null,""score"":null,""rank"":null,""isDisqualified"":false}]"
209,13,4,B-2,,QUALIFIER,Waiting,2026-05-21T01:10:00.000Z,2026-05-21T01:30:00.000Z,,"[{""id"":510,""teamId"":18,""prereqMatchId"":null,""prereqBlockId"":null,""prereqRank"":null,""score"":null,""rank"":null,""isDisqualified"":false},{""id"":511,""teamId"":7,""prereqMatchId"":null,""prereqBlockId"":null,""prereqRank"":null,""score"":null,""rank"":null,""isDisqualified"":false}]"
216,14,5,C-2,,QUALIFIER,Waiting,2026-05-21T01:10:00.000Z,2026-05-21T01:30:00.000Z,,"[{""id"":524,""teamId"":9,""prereqMatchId"":null,""prereqBlockId"":null,""prereqRank"":null,""score"":null,""rank"":null,""isDisqualified"":false},{""id"":525,""teamId"":17,""prereqMatchId"":null,""prereqBlockId"":null,""prereqRank"":null,""score"":null,""rank"":null,""isDisqualified"":false}]"
217,15,6,D-2,,QUALIFIER,Waiting,2026-05-21T01:10:00.000Z,2026-05-21T01:30:00.000Z,,"[{""id"":526,""teamId"":4,""prereqMatchId"":null,""prereqBlockId"":null,""prereqRank"":null,""score"":null,""rank"":null,""isDisqualified"":false},{""id"":527,""teamId"":11,""prereqMatchId"":null,""prereqBlockId"":null,""prereqRank"":null,""score"":null,""rank"":null,""isDisqualified"":false}]"
88,16,3,E-2,,QUALIFIER,Waiting,2026-05-21T01:35:00.000Z,2026-05-21T01:55:00.000Z,,"[{""id"":175,""teamId"":2,""prereqMatchId"":null,""prereqBlockId"":null,""prereqRank"":null,""score"":null,""rank"":null,""isDisqualified"":false},{""id"":176,""teamId"":6,""prereqMatchId"":null,""prereqBlockId"":null,""prereqRank"":null,""score"":null,""rank"":null,""isDisqualified"":false}]"
104,11,7,⑤,,ROUND_1,Waiting,2026-05-21T01:35:00.000Z,2026-05-21T02:10:00.000Z,,"[{""id"":208,""teamId"":16,""prereqMatchId"":null,""prereqBlockId"":null,""prereqRank"":null,""score"":null,""rank"":null,""isDisqualified"":false},{""id"":209,""teamId"":15,""prereqMatchId"":null,""prereqBlockId"":null,""prereqRank"":null,""score"":null,""rank"":null,""isDisqualified"":false}]"
106,11,8,⑥,,ROUND_1,Waiting,2026-05-21T01:35:00.000Z,2026-05-21T02:10:00.000Z,,"[{""id"":212,""teamId"":3,""prereqMatchId"":null,""prereqBlockId"":null,""prereqRank"":null,""score"":null,""rank"":null,""isDisqualified"":false},{""id"":213,""teamId"":7,""prereqMatchId"":null,""prereqBlockId"":null,""prereqRank"":null,""score"":null,""rank"":null,""isDisqualified"":false}]"
210,17,4,F-2,,QUALIFIER,Waiting,2026-05-21T01:35:00.000Z,2026-05-21T01:55:00.000Z,,"[{""id"":512,""teamId"":14,""prereqMatchId"":null,""prereqBlockId"":null,""prereqRank"":null,""score"":null,""rank"":null,""isDisqualified"":false},{""id"":513,""teamId"":5,""prereqMatchId"":null,""prereqBlockId"":null,""prereqRank"":null,""score"":null,""rank"":null,""isDisqualified"":false}]"
218,18,5,G-2,,QUALIFIER,Waiting,2026-05-21T01:35:00.000Z,2026-05-21T01:55:00.000Z,,"[{""id"":528,""teamId"":19,""prereqMatchId"":null,""prereqBlockId"":null,""prereqRank"":null,""score"":null,""rank"":null,""isDisqualified"":false},{""id"":529,""teamId"":8,""prereqMatchId"":null,""prereqBlockId"":null,""prereqRank"":null,""score"":null,""rank"":null,""isDisqualified"":false}]"
136,3,9,A-2,,QUALIFIER,Waiting,2026-05-21T01:45:00.000Z,2026-05-21T02:25:00.000Z,,"[{""id"":356,""teamId"":5,""prereqMatchId"":null,""prereqBlockId"":null,""prereqRank"":null,""score"":null,""rank"":null,""isDisqualified"":false},{""id"":357,""teamId"":19,""prereqMatchId"":null,""prereqBlockId"":null,""prereqRank"":null,""score"":null,""rank"":null,""isDisqualified"":false}]"
138,4,10,B-2,,QUALIFIER,Waiting,2026-05-21T01:45:00.000Z,2026-05-21T02:25:00.000Z,,"[{""id"":358,""teamId"":4,""prereqMatchId"":null,""prereqBlockId"":null,""prereqRank"":null,""score"":null,""rank"":null,""isDisqualified"":false},{""id"":359,""teamId"":18,""prereqMatchId"":null,""prereqBlockId"":null,""prereqRank"":null,""score"":null,""rank"":null,""isDisqualified"":false}]"
141,5,11,C-2,,QUALIFIER,Waiting,2026-05-21T01:45:00.000Z,2026-05-21T02:25:00.000Z,,"[{""id"":360,""teamId"":17,""prereqMatchId"":null,""prereqBlockId"":null,""prereqRank"":null,""score"":null,""rank"":null,""isDisqualified"":false},{""id"":361,""teamId"":21,""prereqMatchId"":null,""prereqBlockId"":null,""prereqRank"":null,""score"":null,""rank"":null,""isDisqualified"":false}]"
143,6,12,D-2,,QUALIFIER,Waiting,2026-05-21T01:45:00.000Z,2026-05-21T02:25:00.000Z,,"[{""id"":362,""teamId"":14,""prereqMatchId"":null,""prereqBlockId"":null,""prereqRank"":null,""score"":null,""rank"":null,""isDisqualified"":false},{""id"":363,""teamId"":8,""prereqMatchId"":null,""prereqBlockId"":null,""prereqRank"":null,""score"":null,""rank"":null,""isDisqualified"":false}]"
86,12,3,A-3,,QUALIFIER,Waiting,2026-05-21T02:00:00.000Z,2026-05-21T02:20:00.000Z,,"[{""id"":171,""teamId"":12,""prereqMatchId"":null,""prereqBlockId"":null,""prereqRank"":null,""score"":null,""rank"":null,""isDisqualified"":false},{""id"":172,""teamId"":1,""prereqMatchId"":null,""prereqBlockId"":null,""prereqRank"":null,""score"":null,""rank"":null,""isDisqualified"":false}]"
211,13,4,B-3,,QUALIFIER,Waiting,2026-05-21T02:00:00.000Z,2026-05-21T02:20:00.000Z,,"[{""id"":514,""teamId"":18,""prereqMatchId"":null,""prereqBlockId"":null,""prereqRank"":null,""score"":null,""rank"":null,""isDisqualified"":false},{""id"":515,""teamId"":15,""prereqMatchId"":null,""prereqBlockId"":null,""prereqRank"":null,""score"":null,""rank"":null,""isDisqualified"":false}]"
219,14,5,C-3,,QUALIFIER,Waiting,2026-05-21T02:00:00.000Z,2026-05-21T02:20:00.000Z,,"[{""id"":530,""teamId"":20,""prereqMatchId"":null,""prereqBlockId"":null,""prereqRank"":null,""score"":null,""rank"":null,""isDisqualified"":false},{""id"":531,""teamId"":9,""prereqMatchId"":null,""prereqBlockId"":null,""prereqRank"":null,""score"":null,""rank"":null,""isDisqualified"":false}]"
220,15,6,D-3,,QUALIFIER,Waiting,2026-05-21T02:00:00.000Z,2026-05-21T02:20:00.000Z,,"[{""id"":532,""teamId"":13,""prereqMatchId"":null,""prereqBlockId"":null,""prereqRank"":null,""score"":null,""rank"":null,""isDisqualified"":false},{""id"":533,""teamId"":11,""prereqMatchId"":null,""prereqBlockId"":null,""prereqRank"":null,""score"":null,""rank"":null,""isDisqualified"":false}]"
108,11,7,⑦,,ROUND_1,Waiting,2026-05-21T02:15:00.000Z,2026-05-21T02:50:00.000Z,,"[{""id"":220,""teamId"":4,""prereqMatchId"":null,""prereqBlockId"":null,""prereqRank"":null,""score"":null,""rank"":null,""isDisqualified"":false},{""id"":221,""teamId"":17,""prereqMatchId"":null,""prereqBlockId"":null,""prereqRank"":null,""score"":null,""rank"":null,""isDisqualified"":false}]"
109,11,8,⑧,,ROUND_1,Waiting,2026-05-21T02:15:00.000Z,2026-05-21T02:50:00.000Z,,"[{""id"":222,""teamId"":1,""prereqMatchId"":null,""prereqBlockId"":null,""prereqRank"":null,""score"":null,""rank"":null,""isDisqualified"":false},{""id"":223,""teamId"":21,""prereqMatchId"":null,""prereqBlockId"":null,""prereqRank"":null,""score"":null,""rank"":null,""isDisqualified"":false}]"
89,16,3,E-3,,QUALIFIER,Waiting,2026-05-21T02:25:00.000Z,2026-05-21T02:40:00.000Z,,"[{""id"":177,""teamId"":3,""prereqMatchId"":null,""prereqBlockId"":null,""prereqRank"":null,""score"":null,""rank"":null,""isDisqualified"":false},{""id"":178,""teamId"":2,""prereqMatchId"":null,""prereqBlockId"":null,""prereqRank"":null,""score"":null,""rank"":null,""isDisqualified"":false}]"
212,17,4,F-3,,QUALIFIER,Waiting,2026-05-21T02:25:00.000Z,2026-05-21T02:45:00.000Z,,"[{""id"":516,""teamId"":22,""prereqMatchId"":null,""prereqBlockId"":null,""prereqRank"":null,""score"":null,""rank"":null,""isDisqualified"":false},{""id"":517,""teamId"":5,""prereqMatchId"":null,""prereqBlockId"":null,""prereqRank"":null,""score"":null,""rank"":null,""isDisqualified"":false}]"
221,18,5,G-3,,QUALIFIER,Waiting,2026-05-21T02:25:00.000Z,2026-05-21T02:45:00.000Z,,"[{""id"":534,""teamId"":19,""prereqMatchId"":null,""prereqBlockId"":null,""prereqRank"":null,""score"":null,""rank"":null,""isDisqualified"":false},{""id"":535,""teamId"":10,""prereqMatchId"":null,""prereqBlockId"":null,""prereqRank"":null,""score"":null,""rank"":null,""isDisqualified"":false}]"
145,7,9,E-2,,QUALIFIER,Waiting,2026-05-21T02:30:00.000Z,2026-05-21T03:10:00.000Z,,"[{""id"":364,""teamId"":10,""prereqMatchId"":null,""prereqBlockId"":null,""prereqRank"":null,""score"":null,""rank"":null,""isDisqualified"":false},{""id"":365,""teamId"":20,""prereqMatchId"":null,""prereqBlockId"":null,""prereqRank"":null,""score"":null,""rank"":null,""isDisqualified"":false}]"
149,8,10,F-2,,QUALIFIER,Waiting,2026-05-21T02:30:00.000Z,2026-05-21T03:10:00.000Z,,"[{""id"":368,""teamId"":22,""prereqMatchId"":null,""prereqBlockId"":null,""prereqRank"":null,""score"":null,""rank"":null,""isDisqualified"":false},{""id"":369,""teamId"":12,""prereqMatchId"":null,""prereqBlockId"":null,""prereqRank"":null,""score"":null,""rank"":null,""isDisqualified"":false}]"
151,9,11,G-2,,QUALIFIER,Waiting,2026-05-21T02:30:00.000Z,2026-05-21T03:10:00.000Z,,"[{""id"":366,""teamId"":6,""prereqMatchId"":null,""prereqBlockId"":null,""prereqRank"":null,""score"":null,""rank"":null,""isDisqualified"":false},{""id"":367,""teamId"":13,""prereqMatchId"":null,""prereqBlockId"":null,""prereqRank"":null,""score"":null,""rank"":null,""isDisqualified"":false}]"
179,10,9,決勝戦,,FINAL,Waiting,2026-05-21T02:35:00.000Z,2026-05-21T03:40:00.000Z,,"[{""id"":572,""teamId"":null,""prereqMatchId"":174,""prereqBlockId"":null,""prereqRank"":null,""score"":null,""rank"":2,""isDisqualified"":false},{""id"":573,""teamId"":null,""prereqMatchId"":177,""prereqBlockId"":null,""prereqRank"":null,""score"":null,""rank"":2,""isDisqualified"":false}]"
223,19,5,①,,QUARTERFINAL,Waiting,2026-05-21T02:50:00.000Z,2026-05-21T03:10:00.000Z,,"[{""id"":540,""teamId"":21,""prereqMatchId"":null,""prereqBlockId"":null,""prereqRank"":null,""score"":null,""rank"":null,""isDisqualified"":false},{""id"":541,""teamId"":null,""prereqMatchId"":null,""prereqBlockId"":18,""prereqRank"":1,""score"":null,""rank"":null,""isDisqualified"":false}]"
225,19,6,②,,QUARTERFINAL,Waiting,2026-05-21T02:50:00.000Z,2026-05-21T03:10:00.000Z,,"[{""id"":546,""teamId"":null,""prereqMatchId"":null,""prereqBlockId"":14,""prereqRank"":1,""score"":null,""rank"":null,""isDisqualified"":false},{""id"":547,""teamId"":null,""prereqMatchId"":null,""prereqBlockId"":15,""prereqRank"":1,""score"":null,""rank"":null,""isDisqualified"":false}]"
118,11,7,⑨,,ROUND_2,Waiting,2026-05-21T03:35:00.000Z,2026-05-21T04:10:00.000Z,,"[{""id"":246,""teamId"":null,""prereqMatchId"":94,""prereqBlockId"":null,""prereqRank"":null,""score"":null,""rank"":null,""isDisqualified"":false},{""id"":247,""teamId"":6,""prereqMatchId"":null,""prereqBlockId"":null,""prereqRank"":null,""score"":null,""rank"":null,""isDisqualified"":false}]"
120,11,8,⑩,,ROUND_2,Waiting,2026-05-21T03:35:00.000Z,2026-05-21T04:10:00.000Z,,"[{""id"":250,""teamId"":9,""prereqMatchId"":null,""prereqBlockId"":null,""prereqRank"":null,""score"":null,""rank"":null,""isDisqualified"":false},{""id"":251,""teamId"":null,""prereqMatchId"":95,""prereqBlockId"":null,""prereqRank"":null,""score"":null,""rank"":null,""isDisqualified"":false}]"
152,3,9,A-3,,QUALIFIER,Waiting,2026-05-21T03:55:00.000Z,2026-05-21T04:30:00.000Z,,"[{""id"":370,""teamId"":5,""prereqMatchId"":null,""prereqBlockId"":null,""prereqRank"":null,""score"":null,""rank"":null,""isDisqualified"":false},{""id"":371,""teamId"":11,""prereqMatchId"":null,""prereqBlockId"":null,""prereqRank"":null,""score"":null,""rank"":null,""isDisqualified"":false}]"
153,4,10,B-3,,QUALIFIER,Waiting,2026-05-21T03:55:00.000Z,2026-05-21T04:30:00.000Z,,"[{""id"":374,""teamId"":3,""prereqMatchId"":null,""prereqBlockId"":null,""prereqRank"":null,""score"":null,""rank"":null,""isDisqualified"":false},{""id"":375,""teamId"":18,""prereqMatchId"":null,""prereqBlockId"":null,""prereqRank"":null,""score"":null,""rank"":null,""isDisqualified"":false}]"
154,5,11,C-3,,QUALIFIER,Waiting,2026-05-21T03:55:00.000Z,2026-05-21T04:30:00.000Z,,"[{""id"":376,""teamId"":21,""prereqMatchId"":null,""prereqBlockId"":null,""prereqRank"":null,""score"":null,""rank"":null,""isDisqualified"":false},{""id"":377,""teamId"":1,""prereqMatchId"":null,""prereqBlockId"":null,""prereqRank"":null,""score"":null,""rank"":null,""isDisqualified"":false}]"
155,6,12,D-3,,QUALIFIER,Waiting,2026-05-21T03:55:00.000Z,2026-05-21T04:30:00.000Z,,"[{""id"":378,""teamId"":2,""prereqMatchId"":null,""prereqBlockId"":null,""prereqRank"":null,""score"":null,""rank"":null,""isDisqualified"":false},{""id"":379,""teamId"":8,""prereqMatchId"":null,""prereqBlockId"":null,""prereqRank"":null,""score"":null,""rank"":null,""isDisqualified"":false}]"
226,19,5,③,,QUARTERFINAL,Waiting,2026-05-21T03:55:00.000Z,2026-05-21T04:15:00.000Z,,"[{""id"":548,""teamId"":null,""prereqMatchId"":null,""prereqBlockId"":12,""prereqRank"":1,""score"":null,""rank"":null,""isDisqualified"":false},{""id"":549,""teamId"":null,""prereqMatchId"":null,""prereqBlockId"":17,""prereqRank"":1,""score"":null,""rank"":null,""isDisqualified"":false}]"
227,19,6,④,,QUARTERFINAL,Waiting,2026-05-21T03:55:00.000Z,2026-05-21T04:15:00.000Z,,"[{""id"":550,""teamId"":null,""prereqMatchId"":null,""prereqBlockId"":13,""prereqRank"":1,""score"":null,""rank"":null,""isDisqualified"":false},{""id"":551,""teamId"":null,""prereqMatchId"":null,""prereqBlockId"":16,""prereqRank"":1,""score"":null,""rank"":null,""isDisqualified"":false}]"
123,11,7,⑪,,ROUND_2,Waiting,2026-05-21T04:15:00.000Z,2026-05-21T04:50:00.000Z,,"[{""id"":258,""teamId"":null,""prereqMatchId"":98,""prereqBlockId"":null,""prereqRank"":null,""score"":null,""rank"":null,""isDisqualified"":false},{""id"":259,""teamId"":null,""prereqMatchId"":101,""prereqBlockId"":null,""prereqRank"":null,""score"":null,""rank"":null,""isDisqualified"":false}]"
125,11,8,⑫,,ROUND_2,Waiting,2026-05-21T04:15:00.000Z,2026-05-21T04:50:00.000Z,,"[{""id"":262,""teamId"":null,""prereqMatchId"":104,""prereqBlockId"":null,""prereqRank"":null,""score"":null,""rank"":null,""isDisqualified"":false},{""id"":263,""teamId"":12,""prereqMatchId"":null,""prereqBlockId"":null,""prereqRank"":null,""score"":null,""rank"":null,""isDisqualified"":false}]"
228,19,5,⑤,,SEMIFINAL,Waiting,2026-05-21T04:30:00.000Z,2026-05-21T04:50:00.000Z,,"[{""id"":552,""teamId"":null,""prereqMatchId"":223,""prereqBlockId"":null,""prereqRank"":null,""score"":null,""rank"":null,""isDisqualified"":false},{""id"":553,""teamId"":null,""prereqMatchId"":225,""prereqBlockId"":null,""prereqRank"":null,""score"":null,""rank"":null,""isDisqualified"":false}]"
157,7,9,E-3,,QUALIFIER,Waiting,2026-05-21T04:35:00.000Z,2026-05-21T05:15:00.000Z,,"[{""id"":382,""teamId"":6,""prereqMatchId"":null,""prereqBlockId"":null,""prereqRank"":null,""score"":null,""rank"":null,""isDisqualified"":false},{""id"":383,""teamId"":7,""prereqMatchId"":null,""prereqBlockId"":null,""prereqRank"":null,""score"":null,""rank"":null,""isDisqualified"":false}]"
135,11,7,⑬,,ROUND_2,Waiting,2026-05-21T04:55:00.000Z,2026-05-21T05:30:00.000Z,,"[{""id"":286,""teamId"":null,""prereqMatchId"":106,""prereqBlockId"":null,""prereqRank"":null,""score"":null,""rank"":null,""isDisqualified"":false},{""id"":287,""teamId"":14,""prereqMatchId"":null,""prereqBlockId"":null,""prereqRank"":null,""score"":null,""rank"":null,""isDisqualified"":false}]"
140,11,8,⑭,,ROUND_2,Waiting,2026-05-21T04:55:00.000Z,2026-05-21T05:30:00.000Z,,"[{""id"":296,""teamId"":null,""prereqMatchId"":108,""prereqBlockId"":null,""prereqRank"":null,""score"":null,""rank"":null,""isDisqualified"":false},{""id"":297,""teamId"":5,""prereqMatchId"":null,""prereqBlockId"":null,""prereqRank"":null,""score"":null,""rank"":null,""isDisqualified"":false}]"
229,19,5,⑥,,SEMIFINAL,Waiting,2026-05-21T04:55:00.000Z,2026-05-21T05:15:00.000Z,,"[{""id"":556,""teamId"":null,""prereqMatchId"":226,""prereqBlockId"":null,""prereqRank"":null,""score"":null,""rank"":null,""isDisqualified"":false},{""id"":557,""teamId"":null,""prereqMatchId"":227,""prereqBlockId"":null,""prereqRank"":null,""score"":null,""rank"":null,""isDisqualified"":false}]"
230,19,5,⑦ 決勝,,FINAL,Waiting,2026-05-21T05:30:00.000Z,2026-05-21T05:50:00.000Z,,"[{""id"":562,""teamId"":null,""prereqMatchId"":228,""prereqBlockId"":null,""prereqRank"":null,""score"":null,""rank"":null,""isDisqualified"":false},{""id"":563,""teamId"":null,""prereqMatchId"":229,""prereqBlockId"":null,""prereqRank"":null,""score"":null,""rank"":null,""isDisqualified"":false}]"
222,33,13,1年生,,QUALIFIER,Waiting,2026-05-21T05:55:00.000Z,2026-05-21T06:05:00.000Z,,"[{""id"":536,""teamId"":1,""prereqMatchId"":null,""prereqBlockId"":null,""prereqRank"":null,""score"":null,""rank"":null,""isDisqualified"":false},{""id"":537,""teamId"":2,""prereqMatchId"":null,""prereqBlockId"":null,""prereqRank"":null,""score"":null,""rank"":null,""isDisqualified"":false},{""id"":538,""teamId"":3,""prereqMatchId"":null,""prereqBlockId"":null,""prereqRank"":null,""score"":null,""rank"":null,""isDisqualified"":false},{""id"":539,""teamId"":4,""prereqMatchId"":null,""prereqBlockId"":null,""prereqRank"":null,""score"":null,""rank"":null,""isDisqualified"":false}]"
224,34,13,2年生,,QUALIFIER,Waiting,2026-05-21T06:05:00.000Z,2026-05-21T06:15:00.000Z,,"[{""id"":542,""teamId"":5,""prereqMatchId"":null,""prereqBlockId"":null,""prereqRank"":null,""score"":null,""rank"":null,""isDisqualified"":false},{""id"":543,""teamId"":6,""prereqMatchId"":null,""prereqBlockId"":null,""prereqRank"":null,""score"":null,""rank"":null,""isDisqualified"":false},{""id"":544,""teamId"":7,""prereqMatchId"":null,""prereqBlockId"":null,""prereqRank"":null,""score"":null,""rank"":null,""isDisqualified"":false},{""id"":545,""teamId"":8,""prereqMatchId"":null,""prereqBlockId"":null,""prereqRank"":null,""score"":null,""rank"":null,""isDisqualified"":false}]"
231,35,13,3年生,,QUALIFIER,Waiting,2026-05-21T06:15:00.000Z,2026-05-21T06:25:00.000Z,,"[{""id"":568,""teamId"":9,""prereqMatchId"":null,""prereqBlockId"":null,""prereqRank"":null,""score"":null,""rank"":null,""isDisqualified"":false},{""id"":569,""teamId"":10,""prereqMatchId"":null,""prereqBlockId"":null,""prereqRank"":null,""score"":null,""rank"":null,""isDisqualified"":false},{""id"":570,""teamId"":11,""prereqMatchId"":null,""prereqBlockId"":null,""prereqRank"":null,""score"":null,""rank"":null,""isDisqualified"":false},{""id"":571,""teamId"":12,""prereqMatchId"":null,""prereqBlockId"":null,""prereqRank"":null,""score"":null,""rank"":null,""isDisqualified"":false}]"
232,36,13,4年生,,QUALIFIER,Waiting,2026-05-21T06:25:00.000Z,2026-05-21T06:35:00.000Z,,"[{""id"":574,""teamId"":13,""prereqMatchId"":null,""prereqBlockId"":null,""prereqRank"":null,""score"":null,""rank"":null,""isDisqualified"":false},{""id"":575,""teamId"":14,""prereqMatchId"":null,""prereqBlockId"":null,""prereqRank"":null,""score"":null,""rank"":null,""isDisqualified"":false},{""id"":576,""teamId"":15,""prereqMatchId"":null,""prereqBlockId"":null,""prereqRank"":null,""score"":null,""rank"":null,""isDisqualified"":false},{""id"":577,""teamId"":16,""prereqMatchId"":null,""prereqBlockId"":null,""prereqRank"":null,""score"":null,""rank"":null,""isDisqualified"":false}]"
233,37,13,5年生,,QUALIFIER,Waiting,2026-05-21T06:35:00.000Z,2026-05-21T06:45:00.000Z,,"[{""id"":578,""teamId"":17,""prereqMatchId"":null,""prereqBlockId"":null,""prereqRank"":null,""score"":null,""rank"":null,""isDisqualified"":false},{""id"":579,""teamId"":18,""prereqMatchId"":null,""prereqBlockId"":null,""prereqRank"":null,""score"":null,""rank"":null,""isDisqualified"":false},{""id"":580,""teamId"":19,""prereqMatchId"":null,""prereqBlockId"":null,""prereqRank"":null,""score"":null,""rank"":null,""isDisqualified"":false},{""id"":581,""teamId"":20,""prereqMatchId"":null,""prereqBlockId"":null,""prereqRank"":null,""score"":null,""rank"":null,""isDisqualified"":false}]"
234,38,13,決勝,,FINAL,Waiting,2026-05-21T06:45:00.000Z,2026-05-21T06:55:00.000Z,,"[{""id"":582,""teamId"":21,""prereqMatchId"":null,""prereqBlockId"":null,""prereqRank"":null,""score"":null,""rank"":null,""isDisqualified"":false},{""id"":583,""teamId"":null,""prereqMatchId"":null,""prereqBlockId"":33,""prereqRank"":1,""score"":null,""rank"":null,""isDisqualified"":false},{""id"":584,""teamId"":null,""prereqMatchId"":null,""prereqBlockId"":34,""prereqRank"":1,""score"":null,""rank"":null,""isDisqualified"":false},{""id"":585,""teamId"":null,""prereqMatchId"":null,""prereqBlockId"":35,""prereqRank"":1,""score"":null,""rank"":null,""isDisqualified"":false},{""id"":586,""teamId"":null,""prereqMatchId"":null,""prereqBlockId"":36,""prereqRank"":1,""score"":null,""rank"":null,""isDisqualified"":false},{""id"":587,""teamId"":null,""prereqMatchId"":null,""prereqBlockId"":37,""prereqRank"":1,""score"":null,""rank"":null,""isDisqualified"":false}]"
91,20,15,A-1,,QUALIFIER,Waiting,2026-05-22T00:00:00.000Z,2026-05-22T00:20:00.000Z,,"[{""id"":182,""teamId"":1,""prereqMatchId"":null,""prereqBlockId"":null,""prereqRank"":null,""score"":null,""rank"":null,""isDisqualified"":false},{""id"":183,""teamId"":4,""prereqMatchId"":null,""prereqBlockId"":null,""prereqRank"":null,""score"":null,""rank"":null,""isDisqualified"":false}]"
102,21,16,B-1,,QUALIFIER,Waiting,2026-05-22T00:00:00.000Z,2026-05-22T00:20:00.000Z,,"[{""id"":204,""teamId"":5,""prereqMatchId"":null,""prereqBlockId"":null,""prereqRank"":null,""score"":null,""rank"":null,""isDisqualified"":false},{""id"":205,""teamId"":8,""prereqMatchId"":null,""prereqBlockId"":null,""prereqRank"":null,""score"":null,""rank"":null,""isDisqualified"":false}]"
112,22,17,C-1,,QUALIFIER,Waiting,2026-05-22T00:00:00.000Z,2026-05-22T00:20:00.000Z,,"[{""id"":230,""teamId"":12,""prereqMatchId"":null,""prereqBlockId"":null,""prereqRank"":null,""score"":null,""rank"":null,""isDisqualified"":false},{""id"":231,""teamId"":10,""prereqMatchId"":null,""prereqBlockId"":null,""prereqRank"":null,""score"":null,""rank"":null,""isDisqualified"":false}]"
124,23,18,D-1,,QUALIFIER,Waiting,2026-05-22T00:00:00.000Z,2026-05-22T00:20:00.000Z,,"[{""id"":260,""teamId"":13,""prereqMatchId"":null,""prereqBlockId"":null,""prereqRank"":null,""score"":null,""rank"":null,""isDisqualified"":false},{""id"":261,""teamId"":14,""prereqMatchId"":null,""prereqBlockId"":null,""prereqRank"":null,""score"":null,""rank"":null,""isDisqualified"":false}]"
137,24,19,E-1,,QUALIFIER,Waiting,2026-05-22T00:00:00.000Z,2026-05-22T00:20:00.000Z,,"[{""id"":290,""teamId"":19,""prereqMatchId"":null,""prereqBlockId"":null,""prereqRank"":null,""score"":null,""rank"":null,""isDisqualified"":false},{""id"":291,""teamId"":18,""prereqMatchId"":null,""prereqBlockId"":null,""prereqRank"":null,""score"":null,""rank"":null,""isDisqualified"":false}]"
147,11,7,⑮,,ROUND_2,Waiting,2026-05-22T00:05:00.000Z,2026-05-22T00:40:00.000Z,,"[{""id"":322,""teamId"":11,""prereqMatchId"":null,""prereqBlockId"":null,""prereqRank"":null,""score"":null,""rank"":null,""isDisqualified"":false},{""id"":323,""teamId"":null,""prereqMatchId"":109,""prereqBlockId"":null,""prereqRank"":null,""score"":null,""rank"":null,""isDisqualified"":false}]"
156,11,8,⑯,,QUARTERFINAL,Waiting,2026-05-22T00:05:00.000Z,2026-05-22T00:40:00.000Z,,"[{""id"":330,""teamId"":null,""prereqMatchId"":118,""prereqBlockId"":null,""prereqRank"":null,""score"":null,""rank"":null,""isDisqualified"":false},{""id"":331,""teamId"":null,""prereqMatchId"":120,""prereqBlockId"":null,""prereqRank"":null,""score"":null,""rank"":null,""isDisqualified"":false}]"
166,10,9,①,,QUARTERFINAL,Waiting,2026-05-22T00:05:00.000Z,2026-05-22T01:10:00.000Z,,"[{""id"":406,""teamId"":null,""prereqMatchId"":null,""prereqBlockId"":3,""prereqRank"":1,""score"":null,""rank"":null,""isDisqualified"":false},{""id"":407,""teamId"":null,""prereqMatchId"":null,""prereqBlockId"":7,""prereqRank"":1,""score"":null,""rank"":null,""isDisqualified"":false}]"
169,10,10,②,,QUARTERFINAL,Waiting,2026-05-22T00:05:00.000Z,2026-05-22T01:10:00.000Z,,"[{""id"":412,""teamId"":null,""prereqMatchId"":null,""prereqBlockId"":6,""prereqRank"":1,""score"":null,""rank"":null,""isDisqualified"":false},{""id"":413,""teamId"":null,""prereqMatchId"":null,""prereqBlockId"":9,""prereqRank"":1,""score"":null,""rank"":null,""isDisqualified"":false}]"
172,10,11,③,,QUARTERFINAL,Waiting,2026-05-22T00:05:00.000Z,2026-05-22T01:10:00.000Z,,"[{""id"":418,""teamId"":null,""prereqMatchId"":null,""prereqBlockId"":5,""prereqRank"":1,""score"":null,""rank"":null,""isDisqualified"":false},{""id"":419,""teamId"":null,""prereqMatchId"":null,""prereqBlockId"":8,""prereqRank"":1,""score"":null,""rank"":null,""isDisqualified"":false}]"
176,26,20,①,,ROUND_1,Waiting,2026-05-22T00:05:00.000Z,2026-05-22T00:20:00.000Z,,"[{""id"":426,""teamId"":10,""prereqMatchId"":null,""prereqBlockId"":null,""prereqRank"":null,""score"":null,""rank"":null,""isDisqualified"":false},{""id"":427,""teamId"":22,""prereqMatchId"":null,""prereqBlockId"":null,""prereqRank"":null,""score"":null,""rank"":null,""isDisqualified"":false}]"
178,26,21,②,,ROUND_1,Waiting,2026-05-22T00:05:00.000Z,2026-05-22T00:20:00.000Z,,"[{""id"":430,""teamId"":3,""prereqMatchId"":null,""prereqBlockId"":null,""prereqRank"":null,""score"":null,""rank"":null,""isDisqualified"":false},{""id"":431,""teamId"":2,""prereqMatchId"":null,""prereqBlockId"":null,""prereqRank"":null,""score"":null,""rank"":null,""isDisqualified"":false}]"
181,26,20,③,,ROUND_1,Waiting,2026-05-22T00:25:00.000Z,2026-05-22T00:40:00.000Z,,"[{""id"":438,""teamId"":21,""prereqMatchId"":null,""prereqBlockId"":null,""prereqRank"":null,""score"":null,""rank"":null,""isDisqualified"":false},{""id"":439,""teamId"":13,""prereqMatchId"":null,""prereqBlockId"":null,""prereqRank"":null,""score"":null,""rank"":null,""isDisqualified"":false}]"
183,26,21,④,,ROUND_1,Waiting,2026-05-22T00:25:00.000Z,2026-05-22T00:40:00.000Z,,"[{""id"":444,""teamId"":18,""prereqMatchId"":null,""prereqBlockId"":null,""prereqRank"":null,""score"":null,""rank"":null,""isDisqualified"":false},{""id"":445,""teamId"":1,""prereqMatchId"":null,""prereqBlockId"":null,""prereqRank"":null,""score"":null,""rank"":null,""isDisqualified"":false}]"
92,20,15,A-2,,QUALIFIER,Waiting,2026-05-22T00:30:00.000Z,2026-05-22T00:50:00.000Z,,"[{""id"":184,""teamId"":2,""prereqMatchId"":null,""prereqBlockId"":null,""prereqRank"":null,""score"":null,""rank"":null,""isDisqualified"":false},{""id"":185,""teamId"":3,""prereqMatchId"":null,""prereqBlockId"":null,""prereqRank"":null,""score"":null,""rank"":null,""isDisqualified"":false}]"
103,21,16,B-2,,QUALIFIER,Waiting,2026-05-22T00:30:00.000Z,2026-05-22T00:50:00.000Z,,"[{""id"":206,""teamId"":6,""prereqMatchId"":null,""prereqBlockId"":null,""prereqRank"":null,""score"":null,""rank"":null,""isDisqualified"":false},{""id"":207,""teamId"":7,""prereqMatchId"":null,""prereqBlockId"":null,""prereqRank"":null,""score"":null,""rank"":null,""isDisqualified"":false}]"
113,22,17,C-2,,QUALIFIER,Waiting,2026-05-22T00:30:00.000Z,2026-05-22T00:50:00.000Z,,"[{""id"":238,""teamId"":11,""prereqMatchId"":null,""prereqBlockId"":null,""prereqRank"":null,""score"":null,""rank"":null,""isDisqualified"":false},{""id"":239,""teamId"":12,""prereqMatchId"":null,""prereqBlockId"":null,""prereqRank"":null,""score"":null,""rank"":null,""isDisqualified"":false}]"
126,23,18,D-2,,QUALIFIER,Waiting,2026-05-22T00:30:00.000Z,2026-05-22T00:50:00.000Z,,"[{""id"":264,""teamId"":14,""prereqMatchId"":null,""prereqBlockId"":null,""prereqRank"":null,""score"":null,""rank"":null,""isDisqualified"":false},{""id"":265,""teamId"":15,""prereqMatchId"":null,""prereqBlockId"":null,""prereqRank"":null,""score"":null,""rank"":null,""isDisqualified"":false}]"
139,24,19,E-2,,QUALIFIER,Waiting,2026-05-22T00:30:00.000Z,2026-05-22T00:50:00.000Z,,"[{""id"":294,""teamId"":19,""prereqMatchId"":null,""prereqBlockId"":null,""prereqRank"":null,""score"":null,""rank"":null,""isDisqualified"":false},{""id"":295,""teamId"":17,""prereqMatchId"":null,""prereqBlockId"":null,""prereqRank"":null,""score"":null,""rank"":null,""isDisqualified"":false}]"
160,11,7,⑰,,QUARTERFINAL,Waiting,2026-05-22T00:45:00.000Z,2026-05-22T01:20:00.000Z,,"[{""id"":338,""teamId"":null,""prereqMatchId"":125,""prereqBlockId"":null,""prereqRank"":null,""score"":null,""rank"":null,""isDisqualified"":false},{""id"":339,""teamId"":null,""prereqMatchId"":135,""prereqBlockId"":null,""prereqRank"":null,""score"":null,""rank"":null,""isDisqualified"":false}]"
163,11,8,⑱,,QUARTERFINAL,Waiting,2026-05-22T00:45:00.000Z,2026-05-22T01:20:00.000Z,,"[{""id"":390,""teamId"":null,""prereqMatchId"":140,""prereqBlockId"":null,""prereqRank"":null,""score"":null,""rank"":null,""isDisqualified"":false},{""id"":391,""teamId"":null,""prereqMatchId"":147,""prereqBlockId"":null,""prereqRank"":null,""score"":null,""rank"":null,""isDisqualified"":false}]"
184,26,20,⑤,,ROUND_1,Waiting,2026-05-22T00:45:00.000Z,2026-05-22T01:00:00.000Z,,"[{""id"":446,""teamId"":12,""prereqMatchId"":null,""prereqBlockId"":null,""prereqRank"":null,""score"":null,""rank"":null,""isDisqualified"":false},{""id"":447,""teamId"":8,""prereqMatchId"":null,""prereqBlockId"":null,""prereqRank"":null,""score"":null,""rank"":null,""isDisqualified"":false}]"
185,26,21,⑥,,ROUND_1,Waiting,2026-05-22T00:45:00.000Z,2026-05-22T01:00:00.000Z,,"[{""id"":448,""teamId"":20,""prereqMatchId"":null,""prereqBlockId"":null,""prereqRank"":null,""score"":null,""rank"":null,""isDisqualified"":false},{""id"":449,""teamId"":11,""prereqMatchId"":null,""prereqBlockId"":null,""prereqRank"":null,""score"":null,""rank"":null,""isDisqualified"":false}]"
93,20,15,A-3,,QUALIFIER,Waiting,2026-05-22T01:00:00.000Z,2026-05-22T01:20:00.000Z,,"[{""id"":186,""teamId"":3,""prereqMatchId"":null,""prereqBlockId"":null,""prereqRank"":null,""score"":null,""rank"":null,""isDisqualified"":false},{""id"":187,""teamId"":4,""prereqMatchId"":null,""prereqBlockId"":null,""prereqRank"":null,""score"":null,""rank"":null,""isDisqualified"":false}]"
105,21,16,B-3,,QUALIFIER,Waiting,2026-05-22T01:00:00.000Z,2026-05-22T01:20:00.000Z,,"[{""id"":210,""teamId"":7,""prereqMatchId"":null,""prereqBlockId"":null,""prereqRank"":null,""score"":null,""rank"":null,""isDisqualified"":false},{""id"":211,""teamId"":8,""prereqMatchId"":null,""prereqBlockId"":null,""prereqRank"":null,""score"":null,""rank"":null,""isDisqualified"":false}]"
116,22,17,C-3,,QUALIFIER,Waiting,2026-05-22T01:00:00.000Z,2026-05-22T01:20:00.000Z,,"[{""id"":242,""teamId"":9,""prereqMatchId"":null,""prereqBlockId"":null,""prereqRank"":null,""score"":null,""rank"":null,""isDisqualified"":false},{""id"":243,""teamId"":10,""prereqMatchId"":null,""prereqBlockId"":null,""prereqRank"":null,""score"":null,""rank"":null,""isDisqualified"":false}]"
128,23,18,D-3,,QUALIFIER,Waiting,2026-05-22T01:00:00.000Z,2026-05-22T01:20:00.000Z,,"[{""id"":268,""teamId"":13,""prereqMatchId"":null,""prereqBlockId"":null,""prereqRank"":null,""score"":null,""rank"":null,""isDisqualified"":false},{""id"":269,""teamId"":15,""prereqMatchId"":null,""prereqBlockId"":null,""prereqRank"":null,""score"":null,""rank"":null,""isDisqualified"":false}]"
142,24,19,E-3,,QUALIFIER,Waiting,2026-05-22T01:00:00.000Z,2026-05-22T01:20:00.000Z,,"[{""id"":300,""teamId"":18,""prereqMatchId"":null,""prereqBlockId"":null,""prereqRank"":null,""score"":null,""rank"":null,""isDisqualified"":false},{""id"":301,""teamId"":20,""prereqMatchId"":null,""prereqBlockId"":null,""prereqRank"":null,""score"":null,""rank"":null,""isDisqualified"":false}]"
186,26,20,⑦,,ROUND_1,Waiting,2026-05-22T01:05:00.000Z,2026-05-22T01:20:00.000Z,,"[{""id"":450,""teamId"":5,""prereqMatchId"":null,""prereqBlockId"":null,""prereqRank"":null,""score"":null,""rank"":null,""isDisqualified"":false},{""id"":451,""teamId"":17,""prereqMatchId"":null,""prereqBlockId"":null,""prereqRank"":null,""score"":null,""rank"":null,""isDisqualified"":false}]"
188,26,21,⑧,,ROUND_1,Waiting,2026-05-22T01:05:00.000Z,2026-05-22T01:20:00.000Z,,"[{""id"":456,""teamId"":6,""prereqMatchId"":null,""prereqBlockId"":null,""prereqRank"":null,""score"":null,""rank"":null,""isDisqualified"":false},{""id"":457,""teamId"":16,""prereqMatchId"":null,""prereqBlockId"":null,""prereqRank"":null,""score"":null,""rank"":null,""isDisqualified"":false}]"
174,10,9,④,,SEMIFINAL,Waiting,2026-05-22T01:20:00.000Z,2026-05-22T02:25:00.000Z,,"[{""id"":554,""teamId"":null,""prereqMatchId"":null,""prereqBlockId"":4,""prereqRank"":1,""score"":null,""rank"":null,""isDisqualified"":false},{""id"":555,""teamId"":null,""prereqMatchId"":166,""prereqBlockId"":null,""prereqRank"":null,""score"":null,""rank"":null,""isDisqualified"":false}]"
177,10,11,⑤,,SEMIFINAL,Waiting,2026-05-22T01:20:00.000Z,2026-05-22T02:25:00.000Z,,"[{""id"":564,""teamId"":null,""prereqMatchId"":169,""prereqBlockId"":null,""prereqRank"":null,""score"":null,""rank"":null,""isDisqualified"":false},{""id"":565,""teamId"":null,""prereqMatchId"":172,""prereqBlockId"":null,""prereqRank"":null,""score"":null,""rank"":null,""isDisqualified"":false}]"
164,11,7,⑲,,SEMIFINAL,Waiting,2026-05-22T01:25:00.000Z,2026-05-22T02:00:00.000Z,,"[{""id"":398,""teamId"":null,""prereqMatchId"":156,""prereqBlockId"":null,""prereqRank"":null,""score"":null,""rank"":null,""isDisqualified"":false},{""id"":399,""teamId"":null,""prereqMatchId"":123,""prereqBlockId"":null,""prereqRank"":null,""score"":null,""rank"":null,""isDisqualified"":false}]"
192,26,20,⑨,,ROUND_1,Waiting,2026-05-22T01:25:00.000Z,2026-05-22T01:40:00.000Z,,"[{""id"":472,""teamId"":null,""prereqMatchId"":176,""prereqBlockId"":null,""prereqRank"":null,""score"":null,""rank"":null,""isDisqualified"":false},{""id"":473,""teamId"":7,""prereqMatchId"":null,""prereqBlockId"":null,""prereqRank"":null,""score"":null,""rank"":null,""isDisqualified"":false}]"
193,26,21,⑩,,ROUND_2,Waiting,2026-05-22T01:25:00.000Z,2026-05-22T01:40:00.000Z,,"[{""id"":474,""teamId"":null,""prereqMatchId"":178,""prereqBlockId"":null,""prereqRank"":null,""score"":null,""rank"":null,""isDisqualified"":false},{""id"":475,""teamId"":15,""prereqMatchId"":null,""prereqBlockId"":null,""prereqRank"":null,""score"":null,""rank"":null,""isDisqualified"":false}]"
201,11,8,⑳,,SEMIFINAL,Waiting,2026-05-22T01:25:00.000Z,2026-05-22T02:00:00.000Z,,"[{""id"":558,""teamId"":null,""prereqMatchId"":160,""prereqBlockId"":null,""prereqRank"":null,""score"":null,""rank"":null,""isDisqualified"":false},{""id"":559,""teamId"":null,""prereqMatchId"":163,""prereqBlockId"":null,""prereqRank"":null,""score"":null,""rank"":null,""isDisqualified"":false}]"
96,20,15,A-4,,QUALIFIER,Waiting,2026-05-22T01:30:00.000Z,2026-05-22T01:50:00.000Z,,"[{""id"":192,""teamId"":2,""prereqMatchId"":null,""prereqBlockId"":null,""prereqRank"":null,""score"":null,""rank"":null,""isDisqualified"":false},{""id"":193,""teamId"":4,""prereqMatchId"":null,""prereqBlockId"":null,""prereqRank"":null,""score"":null,""rank"":null,""isDisqualified"":false}]"
107,21,16,B-4,,QUALIFIER,Waiting,2026-05-22T01:30:00.000Z,2026-05-22T01:50:00.000Z,,"[{""id"":218,""teamId"":6,""prereqMatchId"":null,""prereqBlockId"":null,""prereqRank"":null,""score"":null,""rank"":null,""isDisqualified"":false},{""id"":219,""teamId"":8,""prereqMatchId"":null,""prereqBlockId"":null,""prereqRank"":null,""score"":null,""rank"":null,""isDisqualified"":false}]"
119,22,17,C-4,,QUALIFIER,Waiting,2026-05-22T01:30:00.000Z,2026-05-22T01:50:00.000Z,,"[{""id"":248,""teamId"":9,""prereqMatchId"":null,""prereqBlockId"":null,""prereqRank"":null,""score"":null,""rank"":null,""isDisqualified"":false},{""id"":249,""teamId"":11,""prereqMatchId"":null,""prereqBlockId"":null,""prereqRank"":null,""score"":null,""rank"":null,""isDisqualified"":false}]"
129,23,18,D-4,,QUALIFIER,Waiting,2026-05-22T01:30:00.000Z,2026-05-22T01:50:00.000Z,,"[{""id"":274,""teamId"":16,""prereqMatchId"":null,""prereqBlockId"":null,""prereqRank"":null,""score"":null,""rank"":null,""isDisqualified"":false},{""id"":275,""teamId"":13,""prereqMatchId"":null,""prereqBlockId"":null,""prereqRank"":null,""score"":null,""rank"":null,""isDisqualified"":false}]"
144,24,19,E-4,,QUALIFIER,Waiting,2026-05-22T01:30:00.000Z,2026-05-22T01:50:00.000Z,,"[{""id"":304,""teamId"":17,""prereqMatchId"":null,""prereqBlockId"":null,""prereqRank"":null,""score"":null,""rank"":null,""isDisqualified"":false},{""id"":305,""teamId"":20,""prereqMatchId"":null,""prereqBlockId"":null,""prereqRank"":null,""score"":null,""rank"":null,""isDisqualified"":false}]"
194,26,20,⑪,,ROUND_2,Waiting,2026-05-22T01:45:00.000Z,2026-05-22T02:00:00.000Z,,"[{""id"":476,""teamId"":null,""prereqMatchId"":181,""prereqBlockId"":null,""prereqRank"":null,""score"":null,""rank"":null,""isDisqualified"":false},{""id"":477,""teamId"":14,""prereqMatchId"":null,""prereqBlockId"":null,""prereqRank"":null,""score"":null,""rank"":null,""isDisqualified"":false}]"
195,26,21,⑫,,ROUND_2,Waiting,2026-05-22T01:45:00.000Z,2026-05-22T02:00:00.000Z,,"[{""id"":482,""teamId"":null,""prereqMatchId"":183,""prereqBlockId"":null,""prereqRank"":null,""score"":null,""rank"":null,""isDisqualified"":false},{""id"":483,""teamId"":9,""prereqMatchId"":null,""prereqBlockId"":null,""prereqRank"":null,""score"":null,""rank"":null,""isDisqualified"":false}]"
97,20,15,A-5,,QUALIFIER,Waiting,2026-05-22T02:00:00.000Z,2026-05-22T02:20:00.000Z,,"[{""id"":194,""teamId"":1,""prereqMatchId"":null,""prereqBlockId"":null,""prereqRank"":null,""score"":null,""rank"":null,""isDisqualified"":false},{""id"":195,""teamId"":3,""prereqMatchId"":null,""prereqBlockId"":null,""prereqRank"":null,""score"":null,""rank"":null,""isDisqualified"":false}]"
110,21,16,B-5,,QUALIFIER,Waiting,2026-05-22T02:00:00.000Z,2026-05-22T02:20:00.000Z,,"[{""id"":224,""teamId"":5,""prereqMatchId"":null,""prereqBlockId"":null,""prereqRank"":null,""score"":null,""rank"":null,""isDisqualified"":false},{""id"":225,""teamId"":7,""prereqMatchId"":null,""prereqBlockId"":null,""prereqRank"":null,""score"":null,""rank"":null,""isDisqualified"":false}]"
121,22,17,C-5,,QUALIFIER,Waiting,2026-05-22T02:00:00.000Z,2026-05-22T02:20:00.000Z,,"[{""id"":252,""teamId"":10,""prereqMatchId"":null,""prereqBlockId"":null,""prereqRank"":null,""score"":null,""rank"":null,""isDisqualified"":false},{""id"":253,""teamId"":11,""prereqMatchId"":null,""prereqBlockId"":null,""prereqRank"":null,""score"":null,""rank"":null,""isDisqualified"":false}]"
133,23,18,D-5,,QUALIFIER,Waiting,2026-05-22T02:00:00.000Z,2026-05-22T02:20:00.000Z,,"[{""id"":282,""teamId"":16,""prereqMatchId"":null,""prereqBlockId"":null,""prereqRank"":null,""score"":null,""rank"":null,""isDisqualified"":false},{""id"":283,""teamId"":15,""prereqMatchId"":null,""prereqBlockId"":null,""prereqRank"":null,""score"":null,""rank"":null,""isDisqualified"":false}]"
146,24,19,E-5,,QUALIFIER,Waiting,2026-05-22T02:00:00.000Z,2026-05-22T02:20:00.000Z,,"[{""id"":308,""teamId"":17,""prereqMatchId"":null,""prereqBlockId"":null,""prereqRank"":null,""score"":null,""rank"":null,""isDisqualified"":false},{""id"":309,""teamId"":18,""prereqMatchId"":null,""prereqBlockId"":null,""prereqRank"":null,""score"":null,""rank"":null,""isDisqualified"":false}]"
196,26,20,⑬,,ROUND_2,Waiting,2026-05-22T02:05:00.000Z,2026-05-22T02:20:00.000Z,,"[{""id"":484,""teamId"":null,""prereqMatchId"":184,""prereqBlockId"":null,""prereqRank"":null,""score"":null,""rank"":null,""isDisqualified"":false},{""id"":485,""teamId"":4,""prereqMatchId"":null,""prereqBlockId"":null,""prereqRank"":null,""score"":null,""rank"":null,""isDisqualified"":false}]"
197,26,21,⑭,,ROUND_2,Waiting,2026-05-22T02:05:00.000Z,2026-05-22T02:20:00.000Z,,"[{""id"":486,""teamId"":null,""prereqMatchId"":185,""prereqBlockId"":null,""prereqRank"":null,""score"":null,""rank"":null,""isDisqualified"":false},{""id"":487,""teamId"":19,""prereqMatchId"":null,""prereqBlockId"":null,""prereqRank"":null,""score"":null,""rank"":null,""isDisqualified"":false}]"
204,11,7,決勝,,FINAL,Waiting,2026-05-22T02:05:00.000Z,2026-05-22T02:40:00.000Z,,"[{""id"":500,""teamId"":null,""prereqMatchId"":164,""prereqBlockId"":null,""prereqRank"":null,""score"":null,""rank"":null,""isDisqualified"":false},{""id"":501,""teamId"":null,""prereqMatchId"":201,""prereqBlockId"":null,""prereqRank"":null,""score"":null,""rank"":null,""isDisqualified"":false}]"
207,11,8,3位決定戦,,THIRD_PLACE,Waiting,2026-05-22T02:05:00.000Z,2026-05-22T02:40:00.000Z,,"[{""id"":506,""teamId"":null,""prereqMatchId"":201,""prereqBlockId"":null,""prereqRank"":2,""score"":null,""rank"":null,""isDisqualified"":false},{""id"":507,""teamId"":null,""prereqMatchId"":164,""prereqBlockId"":null,""prereqRank"":2,""score"":null,""rank"":null,""isDisqualified"":false}]"
198,26,20,⑮,,ROUND_2,Waiting,2026-05-22T02:25:00.000Z,2026-05-22T02:40:00.000Z,,"[{""id"":488,""teamId"":null,""prereqMatchId"":186,""prereqBlockId"":null,""prereqRank"":null,""score"":null,""rank"":null,""isDisqualified"":false},{""id"":489,""teamId"":null,""prereqMatchId"":188,""prereqBlockId"":null,""prereqRank"":null,""score"":null,""rank"":null,""isDisqualified"":false}]"
199,26,21,⑯,,QUARTERFINAL,Waiting,2026-05-22T02:25:00.000Z,2026-05-22T02:40:00.000Z,,"[{""id"":490,""teamId"":null,""prereqMatchId"":192,""prereqBlockId"":null,""prereqRank"":null,""score"":null,""rank"":null,""isDisqualified"":false},{""id"":491,""teamId"":null,""prereqMatchId"":193,""prereqBlockId"":null,""prereqRank"":null,""score"":null,""rank"":null,""isDisqualified"":false}]"
100,20,15,A-6,,QUALIFIER,Waiting,2026-05-22T02:30:00.000Z,2026-05-22T02:50:00.000Z,,"[{""id"":200,""teamId"":1,""prereqMatchId"":null,""prereqBlockId"":null,""prereqRank"":null,""score"":null,""rank"":null,""isDisqualified"":false},{""id"":201,""teamId"":2,""prereqMatchId"":null,""prereqBlockId"":null,""prereqRank"":null,""score"":null,""rank"":null,""isDisqualified"":false}]"
111,21,16,B-6,,QUALIFIER,Waiting,2026-05-22T02:30:00.000Z,2026-05-22T02:50:00.000Z,,"[{""id"":228,""teamId"":5,""prereqMatchId"":null,""prereqBlockId"":null,""prereqRank"":null,""score"":null,""rank"":null,""isDisqualified"":false},{""id"":229,""teamId"":6,""prereqMatchId"":null,""prereqBlockId"":null,""prereqRank"":null,""score"":null,""rank"":null,""isDisqualified"":false}]"
122,22,17,C-6,,QUALIFIER,Waiting,2026-05-22T02:30:00.000Z,2026-05-22T02:50:00.000Z,,"[{""id"":256,""teamId"":9,""prereqMatchId"":null,""prereqBlockId"":null,""prereqRank"":null,""score"":null,""rank"":null,""isDisqualified"":false},{""id"":257,""teamId"":12,""prereqMatchId"":null,""prereqBlockId"":null,""prereqRank"":null,""score"":null,""rank"":null,""isDisqualified"":false}]"
134,23,18,D-6,,QUALIFIER,Waiting,2026-05-22T02:30:00.000Z,2026-05-22T02:50:00.000Z,,"[{""id"":284,""teamId"":16,""prereqMatchId"":null,""prereqBlockId"":null,""prereqRank"":null,""score"":null,""rank"":null,""isDisqualified"":false},{""id"":285,""teamId"":14,""prereqMatchId"":null,""prereqBlockId"":null,""prereqRank"":null,""score"":null,""rank"":null,""isDisqualified"":false}]"
148,24,19,E-6,,QUALIFIER,Waiting,2026-05-22T02:30:00.000Z,2026-05-22T02:50:00.000Z,,"[{""id"":312,""teamId"":19,""prereqMatchId"":null,""prereqBlockId"":null,""prereqRank"":null,""score"":null,""rank"":null,""isDisqualified"":false},{""id"":313,""teamId"":20,""prereqMatchId"":null,""prereqBlockId"":null,""prereqRank"":null,""score"":null,""rank"":null,""isDisqualified"":false}]"
200,26,20,⑰,,QUARTERFINAL,Waiting,2026-05-22T02:45:00.000Z,2026-05-22T03:00:00.000Z,,"[{""id"":492,""teamId"":null,""prereqMatchId"":194,""prereqBlockId"":null,""prereqRank"":null,""score"":null,""rank"":null,""isDisqualified"":false},{""id"":493,""teamId"":null,""prereqMatchId"":195,""prereqBlockId"":null,""prereqRank"":null,""score"":null,""rank"":null,""isDisqualified"":false}]"
202,26,21,⑱,,QUARTERFINAL,Waiting,2026-05-22T02:45:00.000Z,2026-05-22T03:00:00.000Z,,"[{""id"":496,""teamId"":null,""prereqMatchId"":196,""prereqBlockId"":null,""prereqRank"":null,""score"":null,""rank"":null,""isDisqualified"":false},{""id"":497,""teamId"":null,""prereqMatchId"":197,""prereqBlockId"":null,""prereqRank"":null,""score"":null,""rank"":null,""isDisqualified"":false}]"
150,25,15,①,,ROUND_1,Waiting,2026-05-22T03:40:00.000Z,2026-05-22T04:00:00.000Z,,"[{""id"":392,""teamId"":null,""prereqMatchId"":null,""prereqBlockId"":5,""prereqRank"":2,""score"":null,""rank"":null,""isDisqualified"":false},{""id"":393,""teamId"":null,""prereqMatchId"":null,""prereqBlockId"":20,""prereqRank"":1,""score"":null,""rank"":null,""isDisqualified"":false}]"
158,25,16,②,,ROUND_1,Waiting,2026-05-22T03:40:00.000Z,2026-05-22T04:00:00.000Z,,"[{""id"":394,""teamId"":null,""prereqMatchId"":null,""prereqBlockId"":20,""prereqRank"":2,""score"":null,""rank"":null,""isDisqualified"":false},{""id"":395,""teamId"":22,""prereqMatchId"":null,""prereqBlockId"":null,""prereqRank"":null,""score"":null,""rank"":null,""isDisqualified"":false}]"
159,25,17,③,,ROUND_1,Waiting,2026-05-22T03:40:00.000Z,2026-05-22T04:00:00.000Z,,"[{""id"":396,""teamId"":null,""prereqMatchId"":null,""prereqBlockId"":23,""prereqRank"":2,""score"":null,""rank"":null,""isDisqualified"":false},{""id"":397,""teamId"":null,""prereqMatchId"":null,""prereqBlockId"":21,""prereqRank"":2,""score"":null,""rank"":null,""isDisqualified"":false}]"
161,25,18,④,,ROUND_1,Waiting,2026-05-22T03:40:00.000Z,2026-05-22T04:00:00.000Z,,"[{""id"":400,""teamId"":21,""prereqMatchId"":null,""prereqBlockId"":null,""prereqRank"":null,""score"":null,""rank"":null,""isDisqualified"":false},{""id"":401,""teamId"":null,""prereqMatchId"":null,""prereqBlockId"":24,""prereqRank"":2,""score"":null,""rank"":null,""isDisqualified"":false}]"
203,26,20,⑲,,SEMIFINAL,Waiting,2026-05-22T03:45:00.000Z,2026-05-22T04:10:00.000Z,,"[{""id"":498,""teamId"":null,""prereqMatchId"":199,""prereqBlockId"":null,""prereqRank"":null,""score"":null,""rank"":null,""isDisqualified"":false},{""id"":499,""teamId"":null,""prereqMatchId"":200,""prereqBlockId"":null,""prereqRank"":null,""score"":null,""rank"":null,""isDisqualified"":false}]"
162,25,15,⑤,,ROUND_2,Waiting,2026-05-22T04:10:00.000Z,2026-05-22T04:30:00.000Z,,"[{""id"":402,""teamId"":null,""prereqMatchId"":150,""prereqBlockId"":null,""prereqRank"":null,""score"":null,""rank"":null,""isDisqualified"":false},{""id"":403,""teamId"":null,""prereqMatchId"":null,""prereqBlockId"":24,""prereqRank"":1,""score"":null,""rank"":null,""isDisqualified"":false}]"
165,25,16,⑥,,ROUND_2,Waiting,2026-05-22T04:10:00.000Z,2026-05-22T04:30:00.000Z,,"[{""id"":404,""teamId"":null,""prereqMatchId"":null,""prereqBlockId"":21,""prereqRank"":1,""score"":null,""rank"":null,""isDisqualified"":false},{""id"":405,""teamId"":null,""prereqMatchId"":158,""prereqBlockId"":null,""prereqRank"":null,""score"":null,""rank"":null,""isDisqualified"":false}]"
167,25,17,⑦,,ROUND_2,Waiting,2026-05-22T04:10:00.000Z,2026-05-22T04:30:00.000Z,,"[{""id"":408,""teamId"":null,""prereqMatchId"":null,""prereqBlockId"":22,""prereqRank"":1,""score"":null,""rank"":null,""isDisqualified"":false},{""id"":409,""teamId"":null,""prereqMatchId"":159,""prereqBlockId"":null,""prereqRank"":null,""score"":null,""rank"":null,""isDisqualified"":false}]"
168,25,18,⑧,,ROUND_2,Waiting,2026-05-22T04:10:00.000Z,2026-05-22T04:30:00.000Z,,"[{""id"":410,""teamId"":null,""prereqMatchId"":null,""prereqBlockId"":23,""prereqRank"":1,""score"":null,""rank"":null,""isDisqualified"":false},{""id"":411,""teamId"":null,""prereqMatchId"":161,""prereqBlockId"":null,""prereqRank"":null,""score"":null,""rank"":null,""isDisqualified"":false}]"
205,26,20,⑳,,SEMIFINAL,Waiting,2026-05-22T04:15:00.000Z,2026-05-22T04:40:00.000Z,,"[{""id"":502,""teamId"":null,""prereqMatchId"":198,""prereqBlockId"":null,""prereqRank"":null,""score"":null,""rank"":null,""isDisqualified"":false},{""id"":503,""teamId"":null,""prereqMatchId"":202,""prereqBlockId"":null,""prereqRank"":null,""score"":null,""rank"":null,""isDisqualified"":false}]"
170,25,15,⑨,,SEMIFINAL,Waiting,2026-05-22T04:40:00.000Z,2026-05-22T04:40:00.000Z,,"[{""id"":414,""teamId"":null,""prereqMatchId"":162,""prereqBlockId"":null,""prereqRank"":null,""score"":null,""rank"":null,""isDisqualified"":false},{""id"":415,""teamId"":null,""prereqMatchId"":165,""prereqBlockId"":null,""prereqRank"":null,""score"":null,""rank"":null,""isDisqualified"":false}]"
171,25,16,⑩,,SEMIFINAL,Waiting,2026-05-22T04:40:00.000Z,2026-05-22T05:00:00.000Z,,"[{""id"":416,""teamId"":null,""prereqMatchId"":167,""prereqBlockId"":null,""prereqRank"":null,""score"":null,""rank"":null,""isDisqualified"":false},{""id"":417,""teamId"":null,""prereqMatchId"":168,""prereqBlockId"":null,""prereqRank"":null,""score"":null,""rank"":null,""isDisqualified"":false}]"
206,26,20,決勝,,FINAL,Waiting,2026-05-22T04:45:00.000Z,2026-05-22T05:10:00.000Z,,"[{""id"":504,""teamId"":null,""prereqMatchId"":203,""prereqBlockId"":null,""prereqRank"":null,""score"":null,""rank"":null,""isDisqualified"":false},{""id"":505,""teamId"":null,""prereqMatchId"":205,""prereqBlockId"":null,""prereqRank"":null,""score"":null,""rank"":null,""isDisqualified"":false}]"
173,25,16,⑫,,FINAL,Waiting,2026-05-22T05:10:00.000Z,2026-05-22T05:30:00.000Z,,"[{""id"":420,""teamId"":null,""prereqMatchId"":170,""prereqBlockId"":null,""prereqRank"":null,""score"":null,""rank"":null,""isDisqualified"":false},{""id"":421,""teamId"":null,""prereqMatchId"":171,""prereqBlockId"":null,""prereqRank"":null,""score"":null,""rank"":null,""isDisqualified"":false}]"
175,25,15,⑪,,THIRD_PLACE,Waiting,2026-05-22T05:10:00.000Z,2026-05-22T05:35:00.000Z,,"[{""id"":424,""teamId"":null,""prereqMatchId"":170,""prereqBlockId"":null,""prereqRank"":2,""score"":null,""rank"":null,""isDisqualified"":false},{""id"":425,""teamId"":null,""prereqMatchId"":171,""prereqBlockId"":null,""prereqRank"":2,""score"":null,""rank"":null,""isDisqualified"":false}]"
180,27,13,1年生,,QUALIFIER,Waiting,2026-05-22T05:40:00.000Z,2026-05-22T05:50:00.000Z,,"[{""id"":434,""teamId"":1,""prereqMatchId"":null,""prereqBlockId"":null,""prereqRank"":null,""score"":null,""rank"":null,""isDisqualified"":false},{""id"":435,""teamId"":2,""prereqMatchId"":null,""prereqBlockId"":null,""prereqRank"":null,""score"":null,""rank"":null,""isDisqualified"":false},{""id"":436,""teamId"":3,""prereqMatchId"":null,""prereqBlockId"":null,""prereqRank"":null,""score"":null,""rank"":null,""isDisqualified"":false},{""id"":437,""teamId"":4,""prereqMatchId"":null,""prereqBlockId"":null,""prereqRank"":null,""score"":null,""rank"":null,""isDisqualified"":false}]"
182,28,13,2年生,,QUALIFIER,Waiting,2026-05-22T05:50:00.000Z,2026-05-22T06:00:00.000Z,,"[{""id"":440,""teamId"":5,""prereqMatchId"":null,""prereqBlockId"":null,""prereqRank"":null,""score"":null,""rank"":null,""isDisqualified"":false},{""id"":441,""teamId"":6,""prereqMatchId"":null,""prereqBlockId"":null,""prereqRank"":null,""score"":null,""rank"":null,""isDisqualified"":false},{""id"":442,""teamId"":7,""prereqMatchId"":null,""prereqBlockId"":null,""prereqRank"":null,""score"":null,""rank"":null,""isDisqualified"":false},{""id"":443,""teamId"":8,""prereqMatchId"":null,""prereqBlockId"":null,""prereqRank"":null,""score"":null,""rank"":null,""isDisqualified"":false}]"
187,29,13,3年生,,QUALIFIER,Waiting,2026-05-22T06:00:00.000Z,2026-05-22T06:10:00.000Z,,"[{""id"":452,""teamId"":9,""prereqMatchId"":null,""prereqBlockId"":null,""prereqRank"":null,""score"":null,""rank"":null,""isDisqualified"":false},{""id"":453,""teamId"":10,""prereqMatchId"":null,""prereqBlockId"":null,""prereqRank"":null,""score"":null,""rank"":null,""isDisqualified"":false},{""id"":454,""teamId"":11,""prereqMatchId"":null,""prereqBlockId"":null,""prereqRank"":null,""score"":null,""rank"":null,""isDisqualified"":false},{""id"":455,""teamId"":12,""prereqMatchId"":null,""prereqBlockId"":null,""prereqRank"":null,""score"":null,""rank"":null,""isDisqualified"":false}]"
189,30,13,4年生,,QUALIFIER,Waiting,2026-05-22T06:10:00.000Z,2026-05-22T06:20:00.000Z,,"[{""id"":458,""teamId"":13,""prereqMatchId"":null,""prereqBlockId"":null,""prereqRank"":null,""score"":null,""rank"":null,""isDisqualified"":false},{""id"":459,""teamId"":14,""prereqMatchId"":null,""prereqBlockId"":null,""prereqRank"":null,""score"":null,""rank"":null,""isDisqualified"":false},{""id"":460,""teamId"":15,""prereqMatchId"":null,""prereqBlockId"":null,""prereqRank"":null,""score"":null,""rank"":null,""isDisqualified"":false},{""id"":461,""teamId"":16,""prereqMatchId"":null,""prereqBlockId"":null,""prereqRank"":null,""score"":null,""rank"":null,""isDisqualified"":false}]"
190,31,13,5年生,,QUALIFIER,Waiting,2026-05-22T06:20:00.000Z,2026-05-22T06:30:00.000Z,,"[{""id"":462,""teamId"":17,""prereqMatchId"":null,""prereqBlockId"":null,""prereqRank"":null,""score"":null,""rank"":null,""isDisqualified"":false},{""id"":463,""teamId"":18,""prereqMatchId"":null,""prereqBlockId"":null,""prereqRank"":null,""score"":null,""rank"":null,""isDisqualified"":false},{""id"":464,""teamId"":19,""prereqMatchId"":null,""prereqBlockId"":null,""prereqRank"":null,""score"":null,""rank"":null,""isDisqualified"":false},{""id"":465,""teamId"":20,""prereqMatchId"":null,""prereqBlockId"":null,""prereqRank"":null,""score"":null,""rank"":null,""isDisqualified"":false}]"
191,32,13,決勝,,FINAL,Waiting,2026-05-22T06:30:00.000Z,2026-05-22T06:45:00.000Z,,"[{""id"":466,""teamId"":21,""prereqMatchId"":null,""prereqBlockId"":null,""prereqRank"":null,""score"":null,""rank"":null,""isDisqualified"":false},{""id"":467,""teamId"":null,""prereqMatchId"":null,""prereqBlockId"":27,""prereqRank"":1,""score"":null,""rank"":null,""isDisqualified"":false},{""id"":468,""teamId"":null,""prereqMatchId"":null,""prereqBlockId"":28,""prereqRank"":1,""score"":null,""rank"":null,""isDisqualified"":false},{""id"":469,""teamId"":null,""prereqMatchId"":null,""prereqBlockId"":29,""prereqRank"":1,""score"":null,""rank"":null,""isDisqualified"":false},{""id"":470,""teamId"":null,""prereqMatchId"":null,""prereqBlockId"":30,""prereqRank"":1,""score"":null,""rank"":null,""isDisqualified"":false},{""id"":471,""teamId"":null,""prereqMatchId"":null,""prereqBlockId"":31,""prereqRank"":1,""score"":null,""rank"":null,""isDisqualified"":false}]"